,Stock,Index,RS Rating,RS Rating 2,RS Rating 3,50 Day MA,150 Day Ma,200 Day MA,52 Week Low,52 week High
0,AAPL,11,22.016774098343085,18.661988634376065,15.047751332335057,184.04,182.49,177.41,124.32508850097656,198.1100006103516
1,ACN,55,18.5895694759172,17.24726153153224,14.759436823964867,319.36,312.7,301.73,243.311264038086,344.1499938964844
2,AEL,99,23.951226984002602,29.47132362541597,16.696551052176588,54.22,51.37,47.82,33.09000015258789,55.709999084472656
3,AEO,102,51.21703575419045,50.81641887966023,34.38242349618847,18.47,15.32,14.76,10.027265548706056,20.790000915527344
4,AGO,134,27.270412750731502,26.77129901374367,22.260342901879387,65.31,59.79,57.67,45.56062698364258,73.0999984741211
5,AIG,149,14.76023468123418,15.683306662864084,13.651509756689222,63.24,59.52,57.27,46.32737731933594,67.2300033569336
6,AIR,159,30.78230674847995,28.55498126017461,23.332257764861264,64.42,60.05,58.4,42.04999923706055,71.38999938964844
7,AIT,163,24.031641532494902,23.92101911889302,19.583276116092367,160.69,149.84,145.86,116.1534423828125,173.83999633789062
8,AIZ,165,28.584298588334992,27.081408571211988,21.700568781813832,158.72,141.58,135.62,103.35697174072266,171.42999267578125
9,AKAM,169,31.875403723073685,34.891240133673094,26.654887409930815,110.47,101.43,95.65,70.75,119.94000244140624
10,ALV,217,21.132916599079433,22.466550787857866,14.514555413608878,98.16,93.53,91.97,72.44406127929688,105.66999816894533
11,AMZN,275,38.52518943093797,37.657440289481954,29.012015710429917,139.42,133.26,125.35,81.81999969482422,154.07000732421875
12,ANDE,281,27.244913847533816,28.745870959414045,21.33462014395929,51.22,48.74,46.71,33.06637954711914,54.95000076293945
13,AOS,299,23.54869641020808,18.393146167361223,16.008213616414476,73.14,70.79,69.79,55.21327209472656,80.58999633789062
14,APO,318,28.292850262999025,32.07489549547909,24.356227582157686,87.29,82.0,76.79,55.57169342041016,94.4800033569336
15,ARCB,345,31.026082594260618,30.729383399144876,17.33405764091897,110.5,102.84,100.03,68.49138641357422,124.7300033569336
16,ARCH,348,18.75725126716344,26.14615977239245,18.45463957675817,155.4,134.91,132.24,99.59512329101562,172.9097442626953
17,ARCO,349,37.32982636485584,34.95247895140416,32.91061337298301,10.58,10.08,9.5,7.046402454376221,12.600000381469728
18,AROC,369,52.904063316519725,52.64946085017803,39.73985839625861,13.75,11.99,11.39,7.913028717041016,15.460000038146973
19,ATGE,414,54.22964443517412,50.903380948922106,39.062427022789706,53.35,45.49,43.87,33.68000030517578,61.5099983215332
20,AZZ,514,28.152551206158638,29.124670964629882,24.00364982154474,48.43,44.94,43.31,34.64723205566406,53.880001068115234
21,BAH,520,20.43033778578875,18.405243440287702,15.754553618908021,124.97,115.12,109.49,87.4513931274414,131.22000122070312
22,BBSI,550,28.735578706748854,24.466337099776414,23.518638626823176,102.01,93.97,91.78,77.73377227783203,114.94000244140624
23,BCC,558,59.157743435124885,59.986320310476856,45.97796891639221,101.4,93.88,85.39,54.92493438720703,119.23999786376952
24,BCO,566,30.678626103621138,28.92634225009946,24.907443293122988,75.39,72.38,70.21,52.48653411865234,88.02999877929688
25,BCSF,573,19.986738095979156,25.39818206828433,16.363317031966083,15.21,14.38,13.58,10.542838096618652,16.264400482177734
26,BLKB,685,31.73389630968667,28.964833877377824,25.400829813827492,74.45,73.4,71.21,53.41999816894531,86.91999816894531
27,BLX,694,29.164634822383675,28.549629493415217,21.871160335954382,23.47,22.31,21.02,14.890361785888672,25.450000762939453
28,BMA,695,42.95039113939997,36.54393349475332,40.17466967365328,22.21,22.03,20.71,13.073016166687012,28.71999931335449
29,BPOP,732,34.75159147305754,30.165305038183867,26.208575188998495,69.45,65.2,62.79,49.55135726928711,81.1500015258789
30,BR,739,26.824229497019033,28.843589313795174,21.26912237973471,181.78,173.09,165.36,130.60598754882812,196.7100067138672
31,BRBR,740,65.2232194265078,60.96790564108707,48.98528936516116,47.71,41.12,39.28,25.06999969482422,56.68999862670898
32,BVH,796,148.96378753716976,128.45369929849022,112.76844516766249,57.74,42.35,38.6,23.618396759033203,75.45999908447266
33,BWXT,807,16.5404696573638,17.723213173727007,13.019366293992828,77.15,72.41,70.0,54.86909103393555,81.44999694824219
34,CAH,837,22.600714228119454,19.310182384114956,16.17984336486642,100.05,92.51,88.49,67.79654693603516,108.0500030517578
35,CAL,841,26.18434673066202,24.632476338576076,20.385566485144107,27.83,26.06,25.15,17.16353416442871,31.700000762939453
36,CAMT,848,88.89019500782948,102.44464216260496,65.51944944409686,59.74,49.28,43.63,21.15999984741211,65.86000061035156
37,CBAY,875,147.7937031947132,159.71607248544822,104.06705984131301,17.3,13.69,12.64,4.619999885559082,22.6299991607666
38,CBOE,886,25.76956828817114,26.28638597937798,19.635421095693726,171.84,153.34,148.24,118.6500015258789,182.19000244140625
39,CCAP,897,23.12409282803806,26.926045007880283,16.275059858879338,16.42,15.59,14.94,11.444809913635254,17.260000228881836
40,CCJ,907,54.5245235682668,57.1270917135832,42.42537879523901,42.01,36.38,33.79,21.727643966674805,46.34000015258789
41,CDNS,933,31.561560526753855,28.839524580713295,22.580182464660652,257.24,240.05,231.72,156.8000030517578,276.57000732421875
42,CE,942,35.1603913074791,35.909476562672914,28.384316452566082,127.22,121.06,116.89,97.73592376708984,152.0
43,CIB,1028,16.258349040552286,15.998712126934691,13.07941041852238,26.88,26.33,25.61,20.23569869995117,29.548139572143555
44,CMG,1102,31.540000241813587,25.842766610054134,23.15682807197494,2067.56,2010.28,1950.77,1364.1600341796875,2340.0
45,CNXN,1143,39.73172521730909,38.78280459817477,34.08790896298908,58.63,52.2,49.72,38.40594100952149,67.44999694824219
46,COOP,1166,40.891807272373356,38.96804751669802,29.741167729449725,58.56,54.6,51.6,38.470001220703125,67.19999694824219
47,COST,1172,32.96101740940904,30.861312439892114,27.73257914617352,582.92,553.48,537.76,446.8065185546875,681.239990234375
48,CPRT,1192,26.074818138475827,23.693608570090014,17.588554834852236,47.35,45.26,43.33,29.979999542236328,51.20000076293945
49,CRH,1211,37.33374258930935,33.093778188549315,28.668709290901646,58.67,55.33,53.54,37.73788070678711,67.23999786376953
50,CRM,1217,43.62210498047016,39.28152450727541,32.42760244086137,222.47,216.78,210.68,128.4499969482422,263.5899963378906
51,CRNX,1222,59.99321018813697,67.27855611998586,50.86124983691048,30.24,24.09,22.59,15.3100004196167,34.88999938964844
52,CRVL,1234,29.00377530446668,25.58098413852604,20.43082921865647,208.52,205.47,202.9,138.89999389648438,236.3500061035156
53,CSWC,1260,27.861589950878447,31.10653292544375,22.45557044836997,21.58,20.32,19.3,15.076498031616213,23.3799991607666
54,CTSH,1281,21.865595290306103,22.234427399363977,17.057371704379047,68.04,67.08,65.15,54.09344100952149,76.16999816894531
55,CVLT,1310,22.677155829232927,18.760912991112388,19.468522165927745,70.46,70.41,67.38,54.34000015258789,79.33999633789062
56,CWCO,1322,71.28599295960437,73.51741191011443,58.59440181536624,32.84,26.81,24.14,13.699909210205078,37.77000045776367
57,CXW,1335,40.77048127183977,36.155515986668014,32.79657469646698,13.21,10.94,10.49,8.329999923706055,14.829999923706056
58,CYBR,1339,38.4640180045157,36.589383459838366,34.37467122601869,182.77,166.19,159.03,116.87000274658205,210.17999267578125
59,DAC,1352,21.02369929336212,18.650238058626385,14.965811044824513,66.82,65.37,62.55,50.094146728515625,71.4800033569336
60,DBX,1367,23.709333149326802,22.076145987033122,20.17078924874454,27.48,26.69,25.24,18.96999931335449,29.940000534057617
61,DDOG,1379,51.06936132067311,44.318137524496464,40.809953320805754,101.16,98.58,91.49,62.68999862670898,123.2699966430664
62,DECK,1383,49.95308155164511,43.67892794327245,39.61349039913962,607.18,549.06,526.28,363.0499877929688,719.27001953125
63,DELL,1386,49.760426121619986,56.633114295652064,39.281587093132174,70.2,60.68,55.65,35.80354309082031,75.87000274658203
64,DFIN,1394,38.95632758408428,39.306885324425174,27.308352079582534,56.3,50.61,48.3,36.470001220703125,61.220001220703125
65,DK,1427,6.345571500241736,12.373009375146868,8.54801816968427,26.38,25.68,24.74,19.06695556640625,30.41411781311035
66,DKNG,1429,77.13394167242274,78.54714548421548,47.10215867965377,33.62,29.86,27.41,10.90999984741211,39.0
67,DLR,1437,23.178302714311265,27.316210957010114,18.45896643551109,128.35,118.6,112.49,83.91560363769531,137.54116821289062
68,DLX,1440,13.92543309504522,18.491147736749774,11.99928128123269,18.1,17.95,17.14,13.123408317565918,20.91283226013184
69,DPZ,1471,16.488234882283294,19.569633473584844,15.399602078800237,369.57,361.6,350.11,286.942626953125,403.0400085449219
70,DT,1495,28.029694634619382,21.865954316571717,20.056726258514544,50.16,49.7,47.69,36.02000045776367,55.52999877929688
71,EC,1543,27.943718859252883,31.224633517073286,23.439839689821955,12.26,10.95,10.5,8.0940580368042,12.949999809265137
72,EME,1615,20.834991207170898,24.865316850209187,17.625420198834075,209.32,201.33,191.29,142.39999389648438,226.0
73,ERIE,1676,30.96811294569649,36.87923610887775,28.08685011907972,295.69,263.38,254.99,201.1199951171875,329.5899963378906
74,ERJ,1678,36.94341953651963,30.66198710353918,30.536781429666565,15.94,15.25,15.24,10.550000190734863,19.739999771118164
75,ESTC,1700,81.34635870497782,77.29785132140249,67.9628240319252,86.03,74.28,70.02,47.93999862670898,117.2300033569336
76,ETN,1709,27.389236265042065,27.541087679111065,22.431852056539043,219.07,210.15,199.22,151.86000061035156,238.0399932861328
77,ETRN,1714,30.206568043859406,28.882067127699365,30.736683728255343,9.29,9.18,8.2,4.739999771118164,10.43000030517578
78,EXEL,1753,23.387902634584737,24.54033144403543,18.06838321553834,21.38,20.76,20.24,15.40999984741211,23.59000015258789
79,EXPE,1762,51.394777548446555,42.727027108097204,39.29765634938272,119.84,111.69,107.28,83.69000244140625,148.47000122070312
80,FCNCA,1810,51.130898631854635,52.43964004564158,28.415105186796648,1407.34,1361.89,1244.91,509.05999755859375,1512.0699462890625
81,FDX,1821,28.211325714603973,28.1641020184559,20.026932237863118,253.43,251.25,243.97,164.35000610351562,281.9200134277344
82,FICO,1855,50.731900703339335,48.95844796030932,41.58929759481463,996.0,887.89,842.1,585.8599853515625,1166.780029296875
83,FLR,1884,17.34865530062631,22.323794600650345,17.90512077332491,36.69,33.57,32.66,25.82999992370605,39.66999816894531
84,FMX,1901,35.44735432380354,31.465713631547846,27.112971043274715,118.16,111.95,107.37,76.69999694824219,131.66000366210938
85,FNF,1907,27.9533803796689,29.942459642037107,22.955745974088103,42.87,39.86,38.57,32.11000061035156,48.56999969482422
86,FTAI,1976,71.87280564563767,70.39826883529491,45.99405297578217,39.5,34.93,32.85,16.420000076293945,44.90999984741211
87,FTDR,1978,31.859419798894,28.4839915872855,20.32469319473117,33.19,32.67,31.39,19.549999237060547,37.0
88,GDDY,2040,44.59324104267991,36.74539061122027,36.5141419614272,88.24,78.45,77.47,69.23999786376953,106.6999969482422
89,GE,2050,32.07052538273783,32.548406824427545,21.69784572417373,115.07,111.61,107.52,62.70882034301758,123.63999938964844
90,GOOG,2166,21.059076007518996,22.913769207828224,15.632519469679785,134.8,130.37,123.89,86.45999908447266,141.6999969482422
91,GOOGL,2167,20.60663567341154,22.52058604356077,15.277885432569569,133.42,129.45,123.06,86.0199966430664,140.5500030517578
92,GPI,2173,30.919731166337705,29.942425631768227,21.288675870678254,269.62,258.79,248.9,163.14999389648438,297.489990234375
93,GPOR,2179,41.48606132500952,38.80065864528763,32.9350923484344,128.95,114.76,106.48,60.79999923706055,138.0500030517578
94,GPS,2184,112.13016256988254,92.49867290169723,84.36216656715297,15.89,11.77,11.22,7.420000076293945,21.93000030517578
95,GRC,2190,23.83076875074986,24.520818382695232,19.32814384954471,31.71,30.23,28.8,23.450000762939453,34.959999084472656
96,GRMN,2197,25.556402590147243,22.36628016318634,20.238733147813935,115.21,108.33,105.91,90.25,126.88999938964844
97,GSHD,2214,34.714196200307526,41.580457573293366,26.31007109258791,71.49,67.04,63.66,31.950000762939453,78.47000122070312
98,GVA,2241,27.36760122510921,20.982312264643856,22.38692543726291,43.03,40.88,40.43,33.970001220703125,49.900001525878906
99,GWRE,2246,36.965899738105634,41.58299944503831,26.626838328992225,93.97,85.48,83.36,59.52000045776367,103.5
100,GWW,2248,25.494450973539642,19.296179472978544,18.895579887471808,767.91,733.61,718.59,537.530029296875,833.1599731445312
101,HCC,2278,48.851437289045826,48.192054225543124,37.36449091577102,51.71,44.16,42.21,32.11000061035156,58.41999816894531
102,HCI,2285,70.63614826326435,52.65397342104002,50.04512272288033,73.02,62.28,60.01,36.4900016784668,88.4000015258789
103,HLT,2339,26.16127572875868,24.70861754441571,19.723440721020165,161.71,152.47,149.77,124.0199966430664,178.5800018310547
104,HNI,2354,39.60714916896782,40.794914686041096,31.017603910474133,37.77,32.39,30.99,24.89999961853028,41.5
105,HRB,2387,26.015690053427686,28.86162883907567,23.70357638240389,44.31,38.33,37.27,28.8700008392334,47.88999938964844
106,ICLR,2482,22.631100316414766,24.46398282513354,18.97538210562978,256.68,246.86,236.8,183.1199951171875,280.010009765625
107,IDCC,2488,50.405446941796406,40.812826518704036,36.518672399249525,90.95,88.24,84.54,47.95000076293945,109.3000030517578
108,IMGN,2539,281.32665995299624,251.48947527306584,228.62070359310763,18.78,17.25,14.37,3.670000076293945,29.950000762939453
109,INSM,2581,37.150073923712455,39.90261202224914,31.75195752860039,25.37,23.07,21.82,16.260000228881836,28.8799991607666
110,INTU,2588,36.8577260090011,37.06580872408483,30.180972958169043,543.37,504.88,485.71,375.6199951171875,618.4299926757812
111,IONS,2596,28.051897524829297,24.944468854941775,21.81841292047836,47.85,43.43,41.47,33.58000183105469,51.630001068115234
112,IR,2615,25.053529987713198,22.358467633810307,20.193273530562365,67.55,65.7,63.36,51.7400016784668,75.30999755859375
113,IT,2640,31.671207582698074,26.980928280517084,27.895648002261318,396.94,363.25,350.56,294.4200134277344,466.0499877929688
114,ITT,2653,29.48751210257109,28.12953129080919,22.764527551755872,103.81,97.14,93.78,76.16000366210938,116.27999877929688
115,KAI,2745,34.10179433515895,29.440668043123694,26.8928331388018,247.75,225.23,218.35,173.6199951171875,281.5599975585937
116,KNSA,2805,24.10000037711017,23.23011464969452,24.475889762091608,16.17,16.15,15.06,10.4399995803833,20.200000762939453
117,KOP,2812,36.01308598119262,36.57029203237756,28.740436479832415,40.74,37.6,36.51,27.96999931335449,46.5099983215332
118,KTOS,2843,53.546003825051685,45.104377274509616,40.097697472780155,18.4,15.86,15.16,9.199999809265137,21.15999984741211
119,LDOS,2890,14.952825451090009,13.923126838793564,13.690771620160607,102.01,94.2,93.1,76.91999816894531,111.3000030517578
120,LECO,2895,27.462190657414112,21.317514727419848,21.88650924359452,190.14,188.91,182.85,140.5,217.91000366210935
121,LII,2923,46.512481777444194,47.55018613487212,37.023138221521855,394.48,359.16,333.84,233.13999938964844,444.0700073242188
122,LRN,2996,54.61302285841394,52.33534611826016,39.47255279092555,54.9,45.45,44.07,31.280000686645508,62.27000045776367
123,LZB,3038,30.031080158220053,30.493381399525337,23.721187424135216,31.6,30.39,29.94,22.709999084472656,36.65999984741211
124,MANH,3048,32.86372392061591,32.783678784808785,23.57424551713379,211.7,198.61,187.75,115.18000030517578,227.9199981689453
125,MATX,3059,42.37496750070319,42.74982065448161,33.40935372034512,93.17,86.3,80.41,56.83000183105469,104.13999938964844
126,MCO,3092,24.628988824783736,21.16037203642697,20.57323879244723,344.38,338.21,328.82,273.0199890136719,391.6199951171875
127,MEDP,3118,36.230967188741694,36.2461365644292,28.93144628441522,266.37,250.47,236.01,174.30999755859375,301.3399963378906
128,MELI,3123,40.71526424011158,38.62183563475379,29.448905669321114,1407.59,1309.27,1294.72,826.1099853515625,1652.010009765625
129,MLI,3197,26.914459826979737,20.361571633122175,19.95100911238959,39.68,39.67,38.72,29.295000076293945,45.900001525878906
130,MLM,3198,27.599597508419407,23.70473186479895,20.644252686921316,447.02,438.56,417.83,320.6000061035156,493.0499877929688
131,MLR,3201,22.267096111840647,22.703846187095124,18.450610700902775,38.86,37.83,36.76,26.229999542236328,41.68999862670898
132,MMYT,3216,56.32176852157342,60.47119173973641,46.03709066067019,41.72,35.55,32.78,22.51000022888184,46.77000045776367
133,MOH,3238,19.35499515241275,21.312162957404574,16.26687285379115,354.3,322.09,311.7,260.6400146484375,382.3900146484375
134,MORN,3243,28.9126838866068,32.09512796290279,23.64635863667408,259.77,231.7,222.37,172.02999877929688,284.7900085449219
135,MRTX,3277,57.68447219843033,37.12232047164948,30.52576999907218,56.39,43.9,43.37,27.799999237060547,62.380001068115234
136,MSFT,3288,27.814277084313304,23.68864933618393,19.732751460614562,356.62,338.72,325.32,222.3099975585937,382.7000122070313
137,MSTR,3297,127.79267979208252,113.7163627883082,76.88989254739653,466.35,388.25,361.98,136.6300048828125,599.3900146484375
138,NEU,3438,43.54321293419173,43.103680566707425,32.041454302137105,499.61,456.65,434.48,305.07000732421875,560.5700073242188
139,NFLX,3453,40.150382044325966,32.720249982064615,26.773999685787093,433.81,421.04,396.85,276.8800048828125,486.1199951171875
140,NHC,3465,51.39509287104938,46.95910006487933,46.532688047628326,74.69,66.96,64.48,52.43999862670898,94.20999908447266
141,NMIH,3502,17.487973379128846,19.611191354489918,12.427603843219725,27.73,27.24,26.09,20.059999465942383,29.739999771118164
142,NOW,3534,44.09797052055427,40.501292243942146,33.441501804373566,626.74,581.53,548.68,366.3200073242188,716.47998046875
143,NRG,3547,40.43698960534624,38.83696253657929,30.996409404434555,45.04,39.49,37.94,30.81999969482422,49.290000915527344
144,NRGX,3548,29.68143498158599,28.948732373129868,20.4106132583954,19.68,17.46,16.73,13.65999984741211,20.57999992370605
145,NRP,3553,46.219284981533,55.70573360613284,40.14215175720711,74.41,65.03,61.95,45.06999969482422,85.47000122070312
146,NTAP,3568,30.638230205842113,28.171085401520298,24.319045692991097,79.63,76.62,73.32,58.18000030517578,91.38999938964844
147,NTNX,3580,62.155173872696665,59.54730020277255,50.39676708669975,39.96,33.69,31.52,23.420000076293945,47.02999877929688
148,NVDA,3603,80.27306105958601,76.1178167963657,51.2532997667431,460.7,438.52,395.74,140.36000061035156,504.0899963378906
149,NWLI,3626,44.25504150105473,47.233456066927175,33.62331722890482,479.91,440.35,391.89,226.0,486.7900085449219
150,NWS,3629,29.8862366429756,27.021981639376847,21.975657305392318,22.43,20.94,19.97,15.760000228881836,24.530000686645508
151,NWSA,3630,26.54413071982099,23.29521406631388,19.133024015953524,21.54,20.39,19.52,15.600000381469728,23.39999961853028
152,NYT,3649,20.352735310497742,20.603858402732136,13.75791203014873,43.95,41.61,40.81,32.060001373291016,47.66999816894531
153,OFG,3680,34.602799504657064,31.345650302727318,27.237444144686222,32.45,30.14,28.9,23.0,37.54999923706055
154,OLED,3697,38.02514427865495,37.6860174242087,29.709634608279,162.17,154.09,151.1,104.02999877929688,190.9499969482422
155,ORTX,3757,208.15974695007563,200.14123145137404,141.74180929084247,16.08,9.1,8.1,3.700000047683716,16.43000030517578
156,PAM,3804,39.950913580500924,32.99842013111687,32.73155465884792,41.87,41.44,39.36,27.3799991607666,50.36000061035156
157,PARR,3809,28.41723750690347,34.720304607113604,22.943808789669706,33.34,30.97,29.64,20.65999984741211,37.02000045776367
158,PCAR,3835,25.063154812848907,24.525160417939183,19.58973083293981,89.03,84.35,81.33,65.1866683959961,98.05999755859376
159,PDD,3858,77.53680967098016,75.34803770050114,64.64060003632518,119.42,94.26,89.13,60.02000045776367,148.41000366210938
160,PH,3918,30.111575193797332,27.889177757514663,22.728761336108953,412.57,394.36,377.46,286.6199951171875,455.4100036621094
161,PJT,3946,30.76999758382656,28.31707589155723,28.69642505239479,84.44,78.0,76.22,61.59999847412109,101.58999633789062
162,PRI,4031,17.501285284405263,17.864476784965717,10.615937595317853,205.42,201.22,194.33,139.35000610351562,216.8000030517578
163,PRLB,4034,36.942537862166496,20.502069620207415,28.760664576905953,31.85,31.32,31.23,23.280000686645508,38.90999984741211
164,PRO,4038,37.91379261514194,37.797938384168745,28.217336847515405,35.57,33.72,31.95,22.950000762939453,39.720001220703125
165,PSN,4067,27.34701440048077,28.702866839379187,21.650500456357435,60.7,54.14,51.66,40.88999938964844,64.62999725341797
166,PSX,4075,25.083240543035178,29.493890471836593,21.576337468073582,117.87,110.47,107.55,90.80999755859376,131.3000030517578
167,PTC,4079,29.773246955213466,25.878746582604833,23.893113600671608,151.53,144.57,139.62,117.33000183105467,171.83999633789062
168,PTVE,4094,51.218664305656205,43.186806096708764,43.10848917323105,10.33,8.74,8.57,6.869999885559082,12.81999969482422
169,QLYS,4134,54.94639007351603,54.03266663224682,45.335288080819616,172.58,149.97,142.72,101.86000061035156,202.13999938964844
170,QQQ,4137,24.70087716967796,22.529901138329066,18.62394062613868,376.89,368.7,354.81,260.1000061035156,407.0799865722656
171,R,4154,23.689553206120987,27.53402667536056,18.58987666734368,103.7,96.23,93.46,77.43000030517578,111.88999938964844
172,RACE,4157,27.335624427915626,24.030022146196032,17.338618796210987,336.62,316.67,306.26,210.25,371.9599914550781
173,RAMP,4162,35.03233892642784,33.988449765780715,29.21586395429531,31.6,29.47,27.77,20.489999771118164,36.0
174,RCL,4184,63.8937498779918,58.42485494607253,46.536768268088856,99.11,97.17,89.36,48.0,122.5199966430664
175,RCMT,4186,87.29283333956856,81.61557110204849,66.6768068025927,22.98,20.16,18.19,10.31999969482422,28.420000076293945
176,RDNT,4196,43.24075742735251,34.28692518178721,30.26872246422803,31.25,30.98,29.73,18.07999992370605,37.18999862670898
177,RELX,4213,20.250081121329544,19.145434114916714,16.923375848454366,36.7,34.08,33.53,27.6299991607666,39.97999954223633
178,REX,4224,31.78028753027681,33.11873238466291,28.45426068578945,38.89,37.13,35.16,27.709999084472656,49.02000045776367
179,ROAD,4294,36.66968099957684,33.68977831153001,32.82673614880077,40.8,35.33,33.09,24.36000061035156,43.75
180,RPD,4309,43.456614219406084,40.962812525736574,27.775303514466664,51.87,47.93,47.28,32.0,59.43999862670898
181,RPM,4311,22.365649106348325,22.11467877427921,20.75864059348615,99.7,94.99,92.08,78.9000015258789,112.22000122070312
182,RYAAY,4347,40.06686621893104,32.90914446065199,32.232006460041276,107.2,104.23,101.64,73.5,131.22000122070312
183,SAIA,4361,39.24771437763031,43.31832342684402,25.756563135829097,397.68,379.86,353.85,208.19000244140625,438.5799865722656
184,SAP,4375,24.90376945299623,21.486114276817617,17.537909174855603,144.72,138.13,135.34,101.80999755859376,160.16000366210938
185,SBRA,4396,14.852452718685269,18.14193348867952,11.194813119095144,14.21,13.01,12.57,10.149999618530272,14.670000076293944
186,SBS,4397,31.15742118121731,28.676962183309158,29.427437918833665,12.89,11.93,11.38,8.899999618530273,14.6899995803833
187,SCS,4416,52.13975577032416,59.08597042323915,40.082685999374654,11.66,9.46,9.06,6.489999771118164,12.880000114440918
188,SFM,4452,35.216921761736664,36.96535452941273,28.10687954479743,43.2,39.72,38.36,30.1200008392334,48.86000061035156
189,SKT,4518,36.08257575471157,33.49451337233561,29.11489101798471,24.63,23.2,22.12,17.530000686645508,27.899999618530277
190,SKX,4519,33.6699777359788,25.701599210654045,24.84741275438575,52.98,51.82,50.88,40.38999938964844,62.59999847412109
191,SKYW,4521,95.58640559484098,92.48788390956511,62.43640363224144,44.25,41.04,36.48,14.869999885559082,50.34000015258789
192,SNPS,4585,41.04789571062912,37.91324399442195,30.647641270855363,512.8,465.88,442.65,315.0400085449219,568.0900268554688
193,SPLK,4620,48.65999721666548,46.94297304848732,34.099887744470166,149.25,123.74,115.37,82.52999877929688,152.55999755859375
194,SPOT,4625,53.15702188155386,49.88799215228669,35.89036500380951,173.85,159.74,153.07,76.51000213623047,199.4900054931641
195,SPXC,4636,30.0814839923761,24.61699342123297,25.49537393661302,84.82,82.04,78.56,61.68000030517578,97.4800033569336
196,STN,4700,30.323849731471725,28.37141527750103,23.876733893675436,68.34,65.86,64.05,46.84999847412109,77.77999877929688
197,STNE,4702,64.47006198284173,43.96700326662991,54.34619270622867,12.65,12.54,12.08,8.239999771118164,17.5
198,SWI,4745,23.969035023928257,19.53969727650847,18.176852394349616,10.66,10.34,9.9,8.100000381469727,11.970000267028809
199,TBBK,4796,26.525935724086438,23.724359177219874,19.870982482534586,37.29,35.93,34.18,26.0,41.5099983215332
200,TDG,4824,29.170593112586538,26.172003501534522,20.684901993165994,919.14,876.92,844.31,610.1599731445312,1011.3599853515624
201,TGH,4857,39.56193192213983,32.40848155007259,27.67547976277439,46.56,41.64,39.63,30.559999465942383,49.45000076293945
202,THR,4876,26.59952651328683,27.44327516615699,21.85791316720814,29.64,27.21,26.24,19.39999961853028,33.13999938964844
203,TIMB,4886,34.87784416951257,31.537047802713452,30.788640583676052,16.72,15.47,14.85,10.25,18.81999969482422
204,TNC,4916,28.19728689847091,22.550445041820073,20.324451072084628,82.2,80.19,77.53,59.84000015258789,91.22000122070312
205,TNET,4918,34.47488877227288,37.95035772480839,26.333954837140606,113.26,106.19,100.56,63.0099983215332,121.77999877929688
206,TNK,4919,35.91149775860439,30.575743478989548,24.139638360698036,48.33,42.62,42.37,26.709999084472656,53.38999938964844
207,TT,4998,28.470782230890336,26.569429112014454,23.380882071861862,216.84,200.93,195.77,163.22999572753906,240.1000061035156
208,TTWO,5011,26.2077576318663,23.712520360402998,19.53412508707202,148.35,143.95,138.01,98.11000061035156,163.88999938964844
209,TW,5019,20.573055647415945,23.749518860866665,14.933141305144757,89.87,81.01,78.92,61.77999877929688,96.9000015258789
210,UBER,5051,69.76341372253306,65.65983391410546,53.044280947047454,51.49,46.53,43.1,24.39999961853028,62.720001220703125
211,UBS,5055,32.98432343710858,37.497297385661895,29.289817941800216,25.79,23.46,22.65,18.030000686645508,29.75
212,UPWK,5104,43.516275476582805,48.30920211215263,37.33448510772392,12.75,11.68,11.27,7.599999904632568,15.550000190734863
213,URBN,5105,29.154690706088857,26.045154829067464,19.49604093475979,34.84,33.69,31.98,23.59000015258789,37.77000045776367
214,VIV,5202,31.55417507047917,28.014073169151743,26.274991373410394,9.94,9.1,8.78,6.489999771118164,11.0
215,VNT,5229,31.45893024796954,28.78008659057256,21.21727644532387,32.38,31.26,30.11,18.46999931335449,35.189998626708984
216,VRNS,5246,66.42348983482366,64.48564126408426,54.91679375330298,37.14,31.27,29.65,22.440000534057617,45.310001373291016
217,VRRM,5248,31.354566542005198,27.019029838254035,23.412266293589738,20.28,19.48,18.84,13.210000038146973,22.489999771118164
218,VSEC,5258,23.888768691239658,22.69451454738442,18.08470573858372,58.53,55.04,52.6,40.95000076293945,62.77000045776367
219,VST,5260,38.78612509592101,42.110187096927035,34.342053426546904,34.54,30.49,28.92,21.290000915527344,38.119998931884766
220,VVI,5275,44.73750687065668,42.550516332861214,36.658881544139334,29.64,27.68,25.79,17.3799991607666,35.40999984741211
221,WDAY,5302,32.766967745176586,31.702707790303013,29.55753317274723,235.23,227.78,218.07,160.19000244140625,278.67999267578125
222,WDFC,5304,28.02386879503883,26.856146429053602,19.828921795674106,222.74,211.59,203.88,160.17999267578125,243.2400054931641
223,WELL,5309,18.89712389205505,19.430800359436276,13.144385933180358,86.74,82.82,80.53,63.54999923706055,91.87000274658205
224,WING,5331,46.135195733023494,35.0657851936663,36.493448691747076,213.04,191.57,190.55,132.30999755859375,251.77999877929688
225,WRK,5372,33.108908238375214,35.30705134135454,27.653666630555406,38.1,33.75,32.67,26.8799991607666,43.150001525878906
226,WSO,5382,33.89910731606694,29.643359398439447,24.34980521995466,382.04,366.26,354.37,247.0,426.0299987792969
227,WTS,5394,22.874837323081152,19.40786664960055,17.275826881267758,187.38,181.52,177.12,143.13999938964844,206.57000732421875
228,WWD,5402,24.03815930899703,24.63262570933039,17.608244838700355,130.56,123.97,117.35,89.38999938964844,138.55999755859375
229,X,5410,83.73449746839833,83.00547166830086,73.62787331012962,34.8,29.31,28.2,20.799999237060547,49.59000015258789
230,XPO,5440,84.43191512218533,87.77907248990677,57.68044858107558,81.03,69.22,61.17,29.82999992370605,90.30999755859376
231,YELP,5453,36.513414546115,38.70705560073652,26.660336605130258,43.79,41.09,38.21,25.6200008392334,46.459999084472656
232,ZEUS,5481,35.94887144543018,34.17231474055798,25.369197202757043,53.19,50.87,50.49,32.220001220703125,61.31999969482422
